<?xml version="1.0" encoding="UTF-8"?><ootb-template>
    <template-metadata name="CREATE_PROT_ODU2E_2kendpoint_A">
        <template-details>
            <description/>
            <author>root</author>
            <tag-list/>
        </template-details>
        <parameter-metadata>
            <param-group cliName="cli command set" isMandatory="true" name="CREATE_PROT_ODU2E_2kendpoint_A parameters">
                <description>Parameters for CREATE_PROT_ODU2E_2kendpoint_A</description>
                <parameter name="w_odu_port">
                    <description>W ODU</description>
                    <default-value label=""/>
                    <data-type>String</data-type>
                    <mandatory>true</mandatory>
                    <isGlobal>false</isGlobal>
                    <syntax>
                        <pattern/>
                    </syntax>
                    <isGlobalVariable>false</isGlobalVariable>
                </parameter>
                <parameter name="p_odu_port">
                    <description>P ODU</description>
                    <default-value label=""/>
                    <data-type>String</data-type>
                    <mandatory>true</mandatory>
                    <isGlobal>false</isGlobal>
                    <syntax>
                        <pattern/>
                    </syntax>
                    <isGlobalVariable>false</isGlobalVariable>
                </parameter>
                <parameter name="client_port">
                    <description>Client Port</description>
                    <default-value label=""/>
                    <data-type>String</data-type>
                    <mandatory>true</mandatory>
                    <isGlobal>false</isGlobal>
                    <syntax>
                        <pattern/>
                    </syntax>
                    <isGlobalVariable>false</isGlobalVariable>
                </parameter>
                <parameter name="service_name">
                    <description>Service Name</description>
                    <default-value label=""/>
                    <data-type>String</data-type>
                    <mandatory>true</mandatory>
                    <isGlobal>false</isGlobal>
                    <syntax>
                        <pattern/>
                    </syntax>
                    <isGlobalVariable>false</isGlobalVariable>
                </parameter>
                <parameter name="service_id">
                    <description>Service ID</description>
                    <default-value label=""/>
                    <data-type>String</data-type>
                    <mandatory>true</mandatory>
                    <isGlobal>false</isGlobal>
                    <syntax>
                        <pattern/>
                    </syntax>
                    <isGlobalVariable>false</isGlobalVariable>
                </parameter>
                <parameter name="odu_client_port">
                    <description>ODU Client</description>
                    <default-value label=""/>
                    <data-type>String</data-type>
                    <mandatory>true</mandatory>
                    <isGlobal>false</isGlobal>
                    <syntax>
                        <pattern/>
                    </syntax>
                    <isGlobalVariable>false</isGlobalVariable>
                </parameter>
                <parameter name="source_tp">
                    <description>Source TP</description>
                    <default-value label=""/>
                    <data-type>String</data-type>
                    <mandatory>true</mandatory>
                    <isGlobal>false</isGlobal>
                    <syntax>
                        <pattern/>
                    </syntax>
                    <isGlobalVariable>false</isGlobalVariable>
                </parameter>
                <parameter name="drop_tp">
                    <description>Drop_tp</description>
                    <default-value label=""/>
                    <data-type>String</data-type>
                    <mandatory>true</mandatory>
                    <isGlobal>false</isGlobal>
                    <syntax>
                        <pattern/>
                    </syntax>
                    <isGlobalVariable>false</isGlobalVariable>
                </parameter>
            </param-group>
        </parameter-metadata>
    </template-metadata>
    <config>
        <device-filtering-details>
            <family value="Optical Networking/Cisco Network Convergence System 2000 Series">
                <min-supported-imageversion value=""/>
            </family>
        </device-filtering-details>
        <cli name="cli command set">
            <clicommand>ENT-CRS-ODU::$odu_client_port,$w_odu_port&$p_odu_port:CTAG:::BANDWIDTH=ODU2E,PROTTYPE=SNC-N,RVRTV=N,HOLDOFFTIMER=0,CKTNAME="$service_name";
ENT-CKTINFO-ODU::$odu_client_port,$w_odu_port&$p_odu_port:CTAG:::BANDWIDTH=ODU2E,SOURCETP=$source_tp,DROPTP=$drop_tp/PATH-FULLY-PROTECTED,SERVICEID=$service_id;
ED-10GIGE::$client_port:123::::unlocked;</clicommand>
        </cli>
    </config>
</ootb-template>