<?xml version="1.0" encoding="UTF-8"?><ootb-template>
    <template-metadata name="CREATE_PROT_ODU2E_2kmidpoint">
        <template-details>
            <description/>
            <author>root</author>
            <tag-list/>
        </template-details>
        <parameter-metadata>
            <param-group cliName="cli command set" isMandatory="true" name="CREATE_PROT_ODU2E_2kmidpoint parameters">
                <description>Parameters for CREATE_PROT_ODU2E_2kmidpoint</description>
                <parameter name="service_name">
                    <description>Service Name</description>
                    <default-value label=""/>
                    <data-type>String</data-type>
                    <mandatory>true</mandatory>
                    <isGlobal>false</isGlobal>
                    <syntax>
                        <pattern/>
                    </syntax>
                    <isGlobalVariable>false</isGlobalVariable>
                </parameter>
                <parameter name="odu_port_1">
                    <description>ODU Port 1</description>
                    <default-value label=""/>
                    <data-type>String</data-type>
                    <mandatory>true</mandatory>
                    <isGlobal>false</isGlobal>
                    <syntax>
                        <pattern/>
                    </syntax>
                    <isGlobalVariable>false</isGlobalVariable>
                </parameter>
                <parameter name="odu_port_2">
                    <description>ODU Port 2</description>
                    <default-value label=""/>
                    <data-type>String</data-type>
                    <mandatory>true</mandatory>
                    <isGlobal>false</isGlobal>
                    <syntax>
                        <pattern/>
                    </syntax>
                    <isGlobalVariable>false</isGlobalVariable>
                </parameter>
                <parameter name="node_id">
                    <description>Node ID</description>
                    <default-value label=""/>
                    <data-type>String</data-type>
                    <mandatory>true</mandatory>
                    <isGlobal>false</isGlobal>
                    <syntax>
                        <pattern/>
                    </syntax>
                    <isGlobalVariable>false</isGlobalVariable>
                </parameter>
                <parameter name="service_id">
                    <description>Service ID</description>
                    <default-value label=""/>
                    <data-type>String</data-type>
                    <mandatory>true</mandatory>
                    <isGlobal>false</isGlobal>
                    <syntax>
                        <pattern/>
                    </syntax>
                    <isGlobalVariable>false</isGlobalVariable>
                </parameter>
            </param-group>
        </parameter-metadata>
    </template-metadata>
    <config platform="">
        <device-filtering-details>
            <family value="Optical Networking/Cisco Network Convergence System 2000 Series">
                <min-supported-imageversion value=""/>
            </family>
        </device-filtering-details>
        <cli name="cli command set">
            <clicommand>ENT-CRS-ODU::$odu_port_1,$odu_port_2:CTAG:::BANDWIDTH=ODU2E,PROTTYPE=NONE,CKTNAME="$service_name";
ED-CRS-ODU::$odu_port_1,$odu_port_2:CTAG:::BANDWIDTH=ODU2E,NODEID=$node_id,SERVICEID=$service_id;</clicommand>
        </cli>
    </config>
</ootb-template>