<?xml version="1.0" encoding="UTF-8"?><ootb-template>
    <template-metadata name="CREATE_UNPROT_ODU2E_4kendpoint_Z">
        <template-details>
            <description/>
            <author>root</author>
            <tag-list/>
        </template-details>
        <parameter-metadata>
            <param-group cliName="cli command set" isMandatory="true" name="CREATE_UNPROT_ODU2E_4kendpoint_Z parameters">
                <description>Parameters for CREATE_UNPROT_ODU2E_4kendpoint_Z</description>
                <parameter name="client_port">
                    <description>Client Port</description>
                    <default-value label=""/>
                    <data-type>String</data-type>
                    <mandatory>true</mandatory>
                    <isGlobal>false</isGlobal>
                    <syntax>
                        <pattern/>
                    </syntax>
                    <isGlobalVariable>false</isGlobalVariable>
                </parameter>
                <parameter name="w_trunk_port">
                    <description>Working Trunk Port</description>
                    <default-value label=""/>
                    <data-type>String</data-type>
                    <mandatory>true</mandatory>
                    <isGlobal>false</isGlobal>
                    <syntax>
                        <pattern/>
                    </syntax>
                    <isGlobalVariable>false</isGlobalVariable>
                </parameter>
                <parameter name="w_tpn">
                    <description>W TPN</description>
                    <default-value label=""/>
                    <data-type>String</data-type>
                    <mandatory>true</mandatory>
                    <isGlobal>false</isGlobal>
                    <syntax>
                        <pattern/>
                    </syntax>
                    <isGlobalVariable>false</isGlobalVariable>
                </parameter>
                <parameter name="w_ts_list">
                    <description>W TS List</description>
                    <default-value label=""/>
                    <data-type>String</data-type>
                    <mandatory>true</mandatory>
                    <isGlobal>false</isGlobal>
                    <syntax>
                        <pattern/>
                    </syntax>
                    <isGlobalVariable>false</isGlobalVariable>
                </parameter>
                <parameter name="odu_group">
                    <description>ODU Group ID</description>
                    <default-value label=""/>
                    <data-type>String</data-type>
                    <mandatory>true</mandatory>
                    <isGlobal>false</isGlobal>
                    <syntax>
                        <pattern/>
                    </syntax>
                    <isGlobalVariable>false</isGlobalVariable>
                </parameter>
                <parameter name="w_controller">
                    <description>Working Controller</description>
                    <default-value label=""/>
                    <data-type>String</data-type>
                    <mandatory>true</mandatory>
                    <isGlobal>false</isGlobal>
                    <syntax>
                        <pattern/>
                    </syntax>
                    <isGlobalVariable>false</isGlobalVariable>
                </parameter>
                <parameter name="node_id">
                    <description>NODE ID</description>
                    <default-value label=""/>
                    <data-type>String</data-type>
                    <mandatory>true</mandatory>
                    <isGlobal>false</isGlobal>
                    <syntax>
                        <pattern/>
                    </syntax>
                    <isGlobalVariable>false</isGlobalVariable>
                </parameter>
                <parameter name="service_id">
                    <description>Service ID</description>
                    <default-value label=""/>
                    <data-type>String</data-type>
                    <mandatory>true</mandatory>
                    <isGlobal>false</isGlobal>
                    <syntax>
                        <pattern/>
                    </syntax>
                    <isGlobalVariable>false</isGlobalVariable>
                </parameter>
                <parameter name="service_name">
                    <description>Service Name</description>
                    <default-value label=""/>
                    <data-type>String</data-type>
                    <mandatory>true</mandatory>
                    <isGlobal>false</isGlobal>
                    <syntax>
                        <pattern/>
                    </syntax>
                    <isGlobalVariable>false</isGlobalVariable>
                </parameter>
                <parameter name="xconnect_id">
                    <description>xconnect ID</description>
                    <default-value label=""/>
                    <data-type>String</data-type>
                    <mandatory>true</mandatory>
                    <isGlobal>false</isGlobal>
                    <syntax>
                        <pattern/>
                    </syntax>
                    <isGlobalVariable>false</isGlobalVariable>
                </parameter>
                <parameter name="client_odu">
                    <description>Client ODU</description>
                    <default-value label=""/>
                    <data-type>String</data-type>
                    <mandatory>true</mandatory>
                    <isGlobal>false</isGlobal>
                    <syntax>
                        <pattern/>
                    </syntax>
                    <isGlobalVariable>false</isGlobalVariable>
                </parameter>
            </param-group>
        </parameter-metadata>
    </template-metadata>
    <config>
        <device-filtering-details>
            <family value="Optical Networking/Cisco Network Convergence System 4000 Series">
                <min-supported-imageversion value=""/>
            </family>
        </device-filtering-details>
        <cli name="cli command set">
            <clicommand>controller $client_port
  no shutdown
controller $w_trunk_port
  ODU2E tpn $w_tpn ts $w_ts_list
controller Odu-Group-Mp$odu_group signal Otn odu-type ODU2E
  working-controller $w_controller
xconnect $xconnect_id endpoint-1 $client_odu endpoint-2 Odu-Group-Mp$odu_group EPNM-{TAIL:$node_id:$service_id:$service_name}</clicommand>
        </cli>
    </config>
</ootb-template>