<?xml version="1.0" encoding="UTF-8"?><ootb-template>
    <template-metadata name="CREATE_ODU2E_4kmidpoint">
        <template-details>
            <description/>
            <author>root</author>
            <tag-list/>
        </template-details>
        <parameter-metadata>
            <param-group cliName="cli command set" isMandatory="true" name="CREATE_ODU2E_4kmidpoint parameters">
                <description>Parameters for CREATE_ODU2E_4kmidpoint</description>
                <parameter name="w_trunk_port">
                    <description>W Trunk Port</description>
                    <default-value label=""/>
                    <data-type>String</data-type>
                    <mandatory>true</mandatory>
                    <isGlobal>false</isGlobal>
                    <syntax>
                        <pattern/>
                    </syntax>
                    <isGlobalVariable>false</isGlobalVariable>
                </parameter>
                <parameter name="w_tpn">
                    <description>W TPN</description>
                    <default-value label=""/>
                    <data-type>String</data-type>
                    <mandatory>true</mandatory>
                    <isGlobal>false</isGlobal>
                    <syntax>
                        <pattern/>
                    </syntax>
                    <isGlobalVariable>false</isGlobalVariable>
                </parameter>
                <parameter name="w_ts_list">
                    <description>W TS List</description>
                    <default-value label=""/>
                    <data-type>String</data-type>
                    <mandatory>true</mandatory>
                    <isGlobal>false</isGlobal>
                    <syntax>
                        <pattern/>
                    </syntax>
                    <isGlobalVariable>false</isGlobalVariable>
                </parameter>
                <parameter name="p_trunk_port">
                    <description>P Trunk Port</description>
                    <default-value label=""/>
                    <data-type>String</data-type>
                    <mandatory>true</mandatory>
                    <isGlobal>false</isGlobal>
                    <syntax>
                        <pattern/>
                    </syntax>
                    <isGlobalVariable>false</isGlobalVariable>
                </parameter>
                <parameter name="p_tpn">
                    <description>P TPN</description>
                    <default-value label=""/>
                    <data-type>String</data-type>
                    <mandatory>true</mandatory>
                    <isGlobal>false</isGlobal>
                    <syntax>
                        <pattern/>
                    </syntax>
                    <isGlobalVariable>false</isGlobalVariable>
                </parameter>
                <parameter name="p_ts_list">
                    <description>P TS List</description>
                    <default-value label=""/>
                    <data-type>String</data-type>
                    <mandatory>true</mandatory>
                    <isGlobal>false</isGlobal>
                    <syntax>
                        <pattern/>
                    </syntax>
                    <isGlobalVariable>false</isGlobalVariable>
                </parameter>
                <parameter name="xconnect_id">
                    <description>xconnect_id</description>
                    <default-value label=""/>
                    <data-type>String</data-type>
                    <mandatory>false</mandatory>
                    <isGlobal>false</isGlobal>
                    <syntax>
                        <pattern/>
                    </syntax>
                    <isGlobalVariable>false</isGlobalVariable>
                </parameter>
                <parameter name="node_id">
                    <description>Node ID</description>
                    <default-value label=""/>
                    <data-type>String</data-type>
                    <mandatory>true</mandatory>
                    <isGlobal>false</isGlobal>
                    <syntax>
                        <pattern/>
                    </syntax>
                    <isGlobalVariable>false</isGlobalVariable>
                </parameter>
                <parameter name="service_id">
                    <description>service_id</description>
                    <default-value label=""/>
                    <data-type>String</data-type>
                    <mandatory>false</mandatory>
                    <isGlobal>false</isGlobal>
                    <syntax>
                        <pattern/>
                    </syntax>
                    <isGlobalVariable>false</isGlobalVariable>
                </parameter>
                <parameter name="service_name">
                    <description>service_name</description>
                    <default-value label=""/>
                    <data-type>String</data-type>
                    <mandatory>false</mandatory>
                    <isGlobal>false</isGlobal>
                    <syntax>
                        <pattern/>
                    </syntax>
                    <isGlobalVariable>false</isGlobalVariable>
                </parameter>
                <parameter name="w_controller">
                    <description>W Controller</description>
                    <default-value label=""/>
                    <data-type>String</data-type>
                    <mandatory>true</mandatory>
                    <isGlobal>false</isGlobal>
                    <syntax>
                        <pattern/>
                    </syntax>
                    <isGlobalVariable>false</isGlobalVariable>
                </parameter>
                <parameter name="p_controller">
                    <description>P Controller</description>
                    <default-value label=""/>
                    <data-type>String</data-type>
                    <mandatory>true</mandatory>
                    <isGlobal>false</isGlobal>
                    <syntax>
                        <pattern/>
                    </syntax>
                    <isGlobalVariable>false</isGlobalVariable>
                </parameter>
            </param-group>
        </parameter-metadata>
    </template-metadata>
    <config>
        <device-filtering-details>
            <family value="Optical Networking/Cisco Network Convergence System 4000 Series">
                <min-supported-imageversion value=""/>
            </family>
        </device-filtering-details>
        <cli name="cli command set">
            <clicommand>controller $w_trunk_port
  ODU2E tpn $w_tpn ts $w_ts_list
controller $p_trunk_port
  ODU2E tpn $p_tpn ts $p_ts_list
xconnect $xconnect_id endpoint-1 $w_controller endpoint-2 $p_controller EPNM-{MID:$node_id:$service_id:$service_name}</clicommand>
        </cli>
    </config>
</ootb-template>