<?xml version="1.0" encoding="UTF-8"?><ootb-template>
    <template-metadata name="DELETE_PROT_ODU2E_2kendpoint_Z">
        <template-details>
            <description/>
            <author>root</author>
            <tag-list/>
        </template-details>
        <parameter-metadata>
            <param-group cliName="cli command set" isMandatory="true" name="DELETE_PROT_ODU2E_2kendpoint_Z parameters">
                <description>Parameters for DELETE_PROT_ODU2E_2kendpoint_Z</description>
                <parameter name="client_port">
                    <description>Client Port</description>
                    <default-value label=""/>
                    <data-type>String</data-type>
                    <mandatory>true</mandatory>
                    <isGlobal>false</isGlobal>
                    <syntax>
                        <pattern/>
                    </syntax>
                    <isGlobalVariable>false</isGlobalVariable>
                </parameter>
                <parameter name="w_odu_port">
                    <description>W ODU Port</description>
                    <default-value label=""/>
                    <data-type>String</data-type>
                    <mandatory>true</mandatory>
                    <isGlobal>false</isGlobal>
                    <syntax>
                        <pattern/>
                    </syntax>
                    <isGlobalVariable>false</isGlobalVariable>
                </parameter>
                <parameter name="p_odu_port">
                    <description>P ODU Port</description>
                    <default-value label=""/>
                    <data-type>String</data-type>
                    <mandatory>true</mandatory>
                    <isGlobal>false</isGlobal>
                    <syntax>
                        <pattern/>
                    </syntax>
                    <isGlobalVariable>false</isGlobalVariable>
                </parameter>
                <parameter name="odu_client_port">
                    <description>ODU Client Port</description>
                    <default-value label=""/>
                    <data-type>String</data-type>
                    <mandatory>true</mandatory>
                    <isGlobal>false</isGlobal>
                    <syntax>
                        <pattern/>
                    </syntax>
                    <isGlobalVariable>false</isGlobalVariable>
                </parameter>
            </param-group>
        </parameter-metadata>
    </template-metadata>
    <config platform="">
        <device-filtering-details>
            <family value="Optical Networking/Cisco Network Convergence System 2000 Series">
                <min-supported-imageversion value=""/>
            </family>
        </device-filtering-details>
        <cli name="cli command set">
            <clicommand>ED-10GIGE::$client_port:123:::CMDMDE=FRCD:locked,disabled;
DLT-CRS-ODU::$w_odu_port&$p_odu_port,$odu_client_port:CTAG:::BANDWIDTH=ODU2E;
</clicommand>
        </cli>
    </config>
</ootb-template>